step,loss
1.0,5.609009265899658
2.0,4.850436210632324
3.0,4.458923816680908
4.0,4.259984970092773
5.0,4.189270496368408
6.0,4.029971599578857
7.0,4.019986629486084
8.0,3.9672679901123047
9.0,3.878740072250366
10.0,3.7673423290252686
11.0,3.727910041809082
12.0,3.647264003753662
13.0,3.575253963470459
14.0,3.5265731811523438
15.0,3.502685546875
16.0,3.4201860427856445
17.0,3.365330219268799
18.0,3.3352184295654297
19.0,3.3588004112243652
20.0,3.281270980834961
21.0,3.219592332839966
22.0,3.2000961303710938
23.0,3.1753125190734863
24.0,3.1732943058013916
25.0,3.1575427055358887
26.0,3.080422878265381
27.0,3.0952627658843994
28.0,3.093181848526001
29.0,3.08791184425354
30.0,3.0675926208496094
31.0,3.1038336753845215
32.0,3.000563859939575
33.0,3.0703513622283936
34.0,2.977541446685791
35.0,3.0612189769744873
36.0,3.1255898475646973
37.0,3.024662494659424
38.0,2.995980739593506
39.0,3.055633783340454
40.0,2.997305154800415
41.0,2.968183994293213
42.0,2.9423367977142334
43.0,2.9213247299194336
44.0,2.939669132232666
45.0,2.9027273654937744
46.0,2.891380786895752
47.0,2.9341137409210205
48.0,2.672006845474243
49.0,2.9168624877929688
50.0,2.6869444847106934
51.0,2.818786859512329
52.0,2.8302812576293945
53.0,2.7349853515625
54.0,2.7397491931915283
55.0,2.689675807952881
56.0,2.707015037536621
57.0,2.6817679405212402
58.0,2.70131254196167
59.0,2.688263416290283
60.0,2.704726219177246
61.0,2.650197744369507
62.0,2.614769697189331
63.0,2.4689223766326904
64.0,2.6014678478240967
65.0,2.6372060775756836
66.0,2.608151912689209
67.0,2.5575149059295654
68.0,2.532871723175049
69.0,2.6859512329101562
70.0,2.5716564655303955
71.0,2.3008832931518555
72.0,2.5759968757629395
73.0,2.437290668487549
74.0,2.4115548133850098
75.0,2.4539148807525635
76.0,2.484046220779419
77.0,2.432736873626709
78.0,2.5234313011169434
79.0,2.5540342330932617
80.0,2.5926547050476074
81.0,2.488497018814087
82.0,2.478583574295044
83.0,2.270975351333618
84.0,2.330859899520874
85.0,2.505176305770874
86.0,2.376710891723633
87.0,2.342494010925293
88.0,2.4213500022888184
89.0,2.5011324882507324
90.0,2.2297613620758057
91.0,2.241529703140259
92.0,2.5990395545959473
93.0,2.1855833530426025
94.0,2.30855655670166
95.0,2.235124349594116
96.0,2.545701742172241
97.0,2.4590046405792236
98.0,2.3398406505584717
99.0,2.208448886871338
100.0,2.503636360168457
101.0,2.5221450328826904
102.0,2.35455584526062
103.0,2.3870105743408203
104.0,2.401721954345703
105.0,2.5685694217681885
106.0,2.2321176528930664
107.0,2.087489366531372
108.0,2.45094895362854
109.0,2.2823474407196045
110.0,2.4116973876953125
111.0,2.2240002155303955
112.0,2.3682565689086914
113.0,2.3875324726104736
114.0,2.5229663848876953
115.0,2.1326849460601807
116.0,2.435098171234131
117.0,2.109828233718872
118.0,2.4409892559051514
119.0,2.5555388927459717
120.0,2.2457194328308105
121.0,2.543219804763794
122.0,2.3740272521972656
123.0,2.372123956680298
124.0,2.479182720184326
125.0,2.246004581451416
126.0,2.2898030281066895
127.0,2.1576790809631348
128.0,2.1493568420410156
129.0,2.245797634124756
130.0,1.9555476903915405
131.0,2.1563432216644287
132.0,2.626511573791504
133.0,2.4300336837768555
134.0,2.2172257900238037
135.0,2.320321559906006
136.0,2.618948221206665
137.0,2.181508779525757
138.0,2.3544061183929443
139.0,1.9942995309829712
140.0,2.03798770904541
141.0,2.4651217460632324
142.0,2.234590768814087
143.0,2.143752098083496
144.0,1.9173076152801514
145.0,2.0724377632141113
146.0,2.4444520473480225
147.0,2.0056519508361816
148.0,2.205615520477295
149.0,1.9625283479690552
150.0,2.1006038188934326
151.0,1.948320984840393
152.0,2.1853537559509277
153.0,2.178983688354492
154.0,2.5582339763641357
155.0,2.134732246398926
156.0,2.276326894760132
157.0,2.3331069946289062
158.0,2.3711581230163574
159.0,2.0836119651794434
160.0,2.29609751701355
161.0,2.2469873428344727
162.0,2.291126251220703
163.0,2.2864859104156494
164.0,2.497774362564087
165.0,2.2025041580200195
166.0,2.109772205352783
167.0,2.010615825653076
168.0,2.165872097015381
169.0,2.0957274436950684
170.0,2.1507184505462646
171.0,2.1026597023010254
172.0,1.8825876712799072
173.0,2.3014633655548096
174.0,2.0289218425750732
175.0,2.1284830570220947
176.0,2.049926996231079
177.0,2.3744659423828125
178.0,2.0879018306732178
179.0,2.2221527099609375
180.0,2.1664624214172363
181.0,2.4891650676727295
182.0,2.2579472064971924
183.0,2.583648204803467
184.0,2.036733627319336
185.0,2.028369426727295
186.0,2.148643732070923
187.0,1.9004676342010498
188.0,2.1812896728515625
189.0,1.9164772033691406
190.0,2.437791109085083
191.0,2.1225953102111816
192.0,1.9808505773544312
193.0,2.311081886291504
194.0,2.261157751083374
195.0,2.038896083831787
196.0,2.0919501781463623
197.0,2.091371536254883
198.0,2.130733013153076
199.0,1.9400875568389893
200.0,2.1673145294189453
201.0,1.8708831071853638
202.0,2.077226161956787
203.0,2.0483744144439697
204.0,2.315577745437622
205.0,2.09826922416687
206.0,1.9324220418930054
207.0,1.7099741697311401
208.0,2.099161148071289
209.0,2.383681535720825
210.0,2.2311997413635254
211.0,2.3340184688568115
212.0,2.0557641983032227
213.0,1.8826854228973389
214.0,2.0034472942352295
215.0,2.1457252502441406
216.0,2.2766835689544678
217.0,2.141134023666382
218.0,2.2851812839508057
219.0,2.0602240562438965
220.0,2.2403056621551514
221.0,2.1515021324157715
222.0,2.0184249877929688
223.0,2.257932186126709
224.0,2.01737380027771
225.0,2.0359296798706055
226.0,2.068946361541748
227.0,2.146791934967041
228.0,2.020975351333618
229.0,2.178438186645508
230.0,2.1272857189178467
231.0,1.840864658355713
232.0,2.0479061603546143
233.0,1.6655374765396118
234.0,2.125199317932129
235.0,2.5065903663635254
236.0,2.083899974822998
237.0,1.9638781547546387
238.0,1.8623837232589722
239.0,2.199131727218628
240.0,2.4164397716522217
241.0,2.187786102294922
242.0,2.1014959812164307
243.0,2.0745315551757812
244.0,2.3392539024353027
245.0,1.9646661281585693
246.0,2.2064523696899414
247.0,2.3556129932403564
248.0,2.117746591567993
249.0,2.091177463531494
250.0,1.9857332706451416
251.0,2.474766731262207
252.0,2.1761422157287598
253.0,2.0134189128875732
254.0,2.0644588470458984
255.0,2.078242540359497
256.0,2.307705879211426
257.0,1.9885936975479126
258.0,2.1089091300964355
259.0,2.1295974254608154
260.0,2.251521110534668
261.0,1.9967302083969116
262.0,1.921032428741455
263.0,2.0946238040924072
264.0,2.435805082321167
265.0,2.041677951812744
266.0,2.099034547805786
267.0,2.0957069396972656
268.0,2.3078629970550537
269.0,1.9756011962890625
270.0,1.9462167024612427
271.0,1.943212628364563
272.0,2.1639647483825684
273.0,2.1805477142333984
274.0,1.939283847808838
275.0,2.244187593460083
276.0,1.9394804239273071
277.0,2.1681125164031982
278.0,2.227813243865967
279.0,2.1274495124816895
280.0,2.2682812213897705
281.0,2.028125762939453
282.0,2.126729726791382
283.0,1.8528386354446411
284.0,1.9790431261062622
285.0,2.047489881515503
286.0,2.114396333694458
287.0,1.9411555528640747
288.0,1.8352851867675781
289.0,2.056910753250122
290.0,2.2080698013305664
291.0,2.063215970993042
292.0,2.1938118934631348
293.0,1.9749622344970703
294.0,2.1080503463745117
295.0,1.664920687675476
296.0,1.9234886169433594
297.0,1.9551047086715698
298.0,2.3442416191101074
299.0,1.9842569828033447
300.0,1.8321188688278198
301.0,2.127521276473999
302.0,1.8891327381134033
303.0,1.9278308153152466
304.0,2.0418872833251953
305.0,2.185344934463501
306.0,2.184340000152588
307.0,1.9385526180267334
308.0,2.0846478939056396
309.0,2.0908069610595703
310.0,2.298449754714966
311.0,2.336992025375366
312.0,2.0315492153167725
313.0,2.093635320663452
314.0,1.9286236763000488
315.0,1.8585070371627808
316.0,1.8116246461868286
317.0,2.156501054763794
318.0,1.94574773311615
319.0,1.9047845602035522
320.0,1.8941947221755981
321.0,1.8911306858062744
322.0,2.1523404121398926
323.0,1.720322608947754
324.0,1.7755651473999023
325.0,2.2561964988708496
326.0,2.062541961669922
327.0,1.900328516960144
328.0,2.057084083557129
329.0,1.7887718677520752
330.0,1.9967175722122192
331.0,1.8706185817718506
332.0,2.000446319580078
333.0,1.7092276811599731
334.0,1.9955875873565674
335.0,1.9436551332473755
336.0,1.990265130996704
337.0,2.324770927429199
338.0,2.0971522331237793
339.0,1.8613848686218262
340.0,1.9683769941329956
341.0,2.0471177101135254
342.0,2.0031943321228027
343.0,1.8897823095321655
344.0,1.8671377897262573
345.0,1.8425078392028809
346.0,1.9559520483016968
347.0,1.9392584562301636
348.0,2.2786989212036133
349.0,1.7587817907333374
350.0,2.1916067600250244
351.0,1.972394347190857
352.0,2.2910280227661133
353.0,2.097193956375122
354.0,1.9634621143341064
355.0,2.0075833797454834
356.0,1.8967686891555786
357.0,2.1313207149505615
358.0,1.6201229095458984
359.0,2.0645437240600586
360.0,1.98749577999115
361.0,1.7800767421722412
362.0,1.9080781936645508
363.0,1.7395423650741577
364.0,1.6185451745986938
365.0,2.5089142322540283
366.0,1.7735496759414673
367.0,1.951408863067627
368.0,1.8128960132598877
369.0,2.0526509284973145
370.0,2.0955424308776855
371.0,1.9983911514282227
372.0,2.0300304889678955
373.0,2.1441965103149414
374.0,1.9271992444992065
375.0,1.9219046831130981
376.0,2.090345621109009
377.0,1.836656093597412
378.0,1.9356993436813354
379.0,2.2103095054626465
380.0,2.292055368423462
381.0,1.8030569553375244
382.0,1.4616135358810425
383.0,1.8512171506881714
384.0,1.8423972129821777
385.0,1.7752158641815186
386.0,1.8902655839920044
387.0,1.8856723308563232
388.0,2.263190746307373
389.0,1.9492850303649902
390.0,2.042778730392456
391.0,1.8422437906265259
392.0,1.8973015546798706
393.0,2.1439473628997803
394.0,1.8815363645553589
395.0,2.279461622238159
396.0,1.926026463508606
397.0,1.8755589723587036
398.0,1.956850528717041
399.0,1.999130368232727
400.0,2.176109552383423
401.0,1.8940719366073608
402.0,2.121246814727783
403.0,1.902727484703064
404.0,1.927859902381897
405.0,1.9910597801208496
406.0,1.8288538455963135
407.0,2.1333701610565186
408.0,2.0024006366729736
409.0,1.7980284690856934
410.0,2.0196821689605713
411.0,1.9579946994781494
412.0,1.575360894203186
413.0,1.7947661876678467
414.0,2.038693904876709
415.0,1.5212985277175903
416.0,1.9132170677185059
417.0,1.9624392986297607
418.0,1.8578224182128906
419.0,1.9475537538528442
420.0,2.1523168087005615
421.0,2.3570659160614014
422.0,1.9083880186080933
423.0,1.9524575471878052
424.0,2.1505544185638428
425.0,1.5256537199020386
426.0,1.851177453994751
427.0,1.7516945600509644
428.0,2.0308241844177246
429.0,1.8691556453704834
430.0,1.8025224208831787
431.0,2.132948398590088
432.0,2.088618755340576
433.0,1.9678593873977661
434.0,1.760797142982483
435.0,1.766647458076477
436.0,1.8557662963867188
437.0,2.0733940601348877
438.0,1.8582245111465454
439.0,2.0358965396881104
440.0,2.1196606159210205
441.0,1.8675956726074219
442.0,1.8759890794754028
443.0,1.7157154083251953
444.0,1.9988967180252075
445.0,1.6254159212112427
446.0,1.4858722686767578
447.0,2.138211965560913
448.0,1.9043333530426025
449.0,1.677836537361145
450.0,2.1198294162750244
451.0,1.9344720840454102
452.0,1.726854920387268
453.0,2.1170730590820312
454.0,1.8215398788452148
455.0,1.9836208820343018
456.0,1.7721593379974365
457.0,1.9495363235473633
458.0,2.0369088649749756
459.0,2.1371424198150635
460.0,1.8167858123779297
461.0,1.6835178136825562
462.0,1.7441259622573853
463.0,1.7787543535232544
464.0,1.7754403352737427
465.0,1.9813101291656494
466.0,1.9386215209960938
467.0,1.9017478227615356
468.0,1.8388335704803467
469.0,1.6588735580444336
470.0,1.8393840789794922
471.0,1.9262384176254272
472.0,1.8483421802520752
473.0,1.819210171699524
474.0,1.6020501852035522
475.0,2.0791640281677246
476.0,1.9992668628692627
477.0,1.8190832138061523
478.0,2.1784026622772217
479.0,2.088313579559326
480.0,1.9056777954101562
481.0,2.210073709487915
482.0,1.9370708465576172
483.0,2.039127826690674
484.0,1.8288094997406006
485.0,1.4787770509719849
486.0,1.9480667114257812
487.0,1.6855254173278809
488.0,1.5877231359481812
489.0,2.064532995223999
490.0,1.737755298614502
491.0,1.9965004920959473
492.0,2.136716604232788
493.0,1.8068277835845947
494.0,1.6741105318069458
495.0,1.9418528079986572
496.0,2.146413564682007
497.0,1.9904541969299316
498.0,1.8935680389404297
499.0,1.8031153678894043
500.0,1.7103770971298218
501.0,1.7317728996276855
502.0,2.070732831954956
503.0,1.899536371231079
504.0,1.770007610321045
505.0,2.1379857063293457
506.0,1.856681227684021
507.0,2.0226235389709473
508.0,1.627516269683838
509.0,1.5243042707443237
510.0,2.046922445297241
511.0,1.760934591293335
512.0,1.7386060953140259
513.0,1.6440739631652832
514.0,1.8661772012710571
515.0,2.228759527206421
516.0,1.8075311183929443
517.0,1.5842205286026
518.0,1.7154568433761597
519.0,1.9308334589004517
520.0,1.4991885423660278
521.0,1.7633037567138672
522.0,2.1308631896972656
523.0,1.7232507467269897
524.0,1.6740473508834839
525.0,1.9778850078582764
526.0,1.9353296756744385
527.0,1.8965697288513184
528.0,2.2012453079223633
529.0,2.0739924907684326
530.0,1.746006965637207
531.0,1.8397740125656128
532.0,2.199920415878296
533.0,1.9080321788787842
534.0,1.9641262292861938
535.0,1.8973101377487183
536.0,1.8763800859451294
537.0,1.7644532918930054
538.0,1.6752849817276
539.0,1.4092363119125366
540.0,1.9432882070541382
541.0,1.8588299751281738
542.0,1.5304280519485474
543.0,1.9207191467285156
544.0,1.8584694862365723
545.0,1.726694941520691
546.0,1.8996385335922241
547.0,1.7640223503112793
548.0,1.715829849243164
549.0,1.9682116508483887
550.0,1.6998186111450195
551.0,1.9065607786178589
552.0,2.047764778137207
553.0,1.9478013515472412
554.0,1.7259938716888428
555.0,1.8548915386199951
556.0,2.0814263820648193
557.0,1.905731439590454
558.0,2.112795829772949
559.0,1.616567850112915
560.0,1.8126182556152344
561.0,2.0176563262939453
562.0,1.9942078590393066
563.0,2.0543665885925293
564.0,1.7733787298202515
565.0,1.880250334739685
566.0,1.8381404876708984
567.0,1.9726375341415405
568.0,1.8828452825546265
569.0,1.8439483642578125
570.0,1.6148606538772583
571.0,1.8664538860321045
572.0,1.6150583028793335
573.0,1.8936645984649658
574.0,2.2106239795684814
575.0,1.595076084136963
576.0,1.7192027568817139
577.0,1.7437306642532349
578.0,1.815116047859192
579.0,2.035517454147339
580.0,1.816887617111206
581.0,1.829382300376892
582.0,1.897018313407898
583.0,1.8126689195632935
584.0,1.7442079782485962
585.0,2.00258469581604
586.0,1.8188793659210205
587.0,1.9951879978179932
588.0,1.9200263023376465
589.0,1.4179309606552124
590.0,1.76288902759552
591.0,1.6768016815185547
592.0,1.8385138511657715
593.0,1.7490278482437134
594.0,1.9725154638290405
595.0,1.863571286201477
596.0,1.9569860696792603
597.0,1.7889955043792725
598.0,1.8938140869140625
599.0,2.1531503200531006
600.0,1.8662172555923462
601.0,1.769888162612915
602.0,1.9772762060165405
603.0,2.0828795433044434
604.0,1.693345308303833
605.0,2.10867977142334
606.0,1.9438433647155762
607.0,2.062220335006714
608.0,1.8373373746871948
609.0,1.8941396474838257
610.0,1.595924735069275
611.0,1.9836409091949463
612.0,1.6939514875411987
613.0,1.9026210308074951
614.0,1.6951441764831543
615.0,1.7105344533920288
616.0,1.9150938987731934
617.0,1.9318400621414185
618.0,1.9453938007354736
619.0,1.6948316097259521
620.0,1.8134765625
621.0,2.024613380432129
622.0,1.7602605819702148
623.0,2.0345048904418945
624.0,1.9285943508148193
625.0,1.6926881074905396
626.0,1.7937310934066772
627.0,1.9158927202224731
628.0,2.0061874389648438
629.0,1.8241575956344604
630.0,2.0103394985198975
631.0,2.048698902130127
632.0,1.7541147470474243
633.0,1.8820865154266357
634.0,1.88874089717865
635.0,1.8473401069641113
636.0,1.7556743621826172
637.0,1.7842375040054321
638.0,1.7716139554977417
639.0,1.9009768962860107
640.0,1.7268187999725342
641.0,1.6387659311294556
642.0,1.9916512966156006
643.0,1.7255021333694458
644.0,1.6011543273925781
645.0,1.9400554895401
646.0,1.82688307762146
647.0,1.6373794078826904
648.0,1.8349026441574097
649.0,1.720093846321106
650.0,1.6626627445220947
651.0,2.17494797706604
652.0,1.630730390548706
653.0,1.992664098739624
654.0,1.5165748596191406
655.0,1.8554285764694214
656.0,2.007349729537964
657.0,1.728835940361023
658.0,1.8014918565750122
659.0,1.75216543674469
660.0,1.708115816116333
661.0,1.957009196281433
662.0,1.6659400463104248
663.0,1.6058257818222046
664.0,1.9107745885849
665.0,1.9028213024139404
666.0,1.817344069480896
667.0,1.9633427858352661
668.0,1.60145103931427
669.0,1.8633339405059814
670.0,1.6256707906723022
671.0,1.7400928735733032
672.0,1.8136097192764282
673.0,1.3184874057769775
674.0,1.9340609312057495
675.0,1.724666714668274
676.0,1.7044931650161743
677.0,1.8864200115203857
678.0,1.6516424417495728
679.0,2.0003345012664795
680.0,1.9086788892745972
681.0,2.1376585960388184
682.0,1.502741813659668
683.0,1.7288458347320557
684.0,1.8144056797027588
685.0,1.7027121782302856
686.0,1.5927785634994507
687.0,1.9089057445526123
688.0,1.6467078924179077
689.0,1.738781452178955
690.0,1.797121524810791
691.0,1.6643812656402588
692.0,1.5563485622406006
693.0,2.0954296588897705
694.0,1.5027973651885986
695.0,2.171001434326172
696.0,1.67591392993927
697.0,1.7411575317382812
698.0,1.3532737493515015
699.0,2.0036489963531494
700.0,1.5519665479660034
701.0,1.898592472076416
702.0,2.0976037979125977
703.0,1.6467584371566772
704.0,1.7638206481933594
705.0,1.5691064596176147
706.0,1.9507899284362793
707.0,1.75066077709198
708.0,1.6618880033493042
709.0,1.9742748737335205
710.0,1.7821295261383057
711.0,2.0560998916625977
712.0,1.823498010635376
713.0,1.7244755029678345
714.0,1.5398671627044678
715.0,1.6596897840499878
716.0,1.8228875398635864
717.0,1.9860185384750366
718.0,1.5804531574249268
719.0,1.6340032815933228
720.0,1.7458101511001587
721.0,1.847365379333496
722.0,2.0535147190093994
723.0,1.8715159893035889
724.0,1.9335904121398926
725.0,2.00065016746521
726.0,1.5844038724899292
727.0,1.8121178150177002
728.0,1.5839298963546753
729.0,2.139089345932007
730.0,1.8304884433746338
731.0,1.839418649673462
732.0,1.7702960968017578
733.0,1.5677554607391357
734.0,1.9089809656143188
735.0,1.8617089986801147
736.0,1.9270669221878052
737.0,1.9126945734024048
738.0,1.6821891069412231
739.0,2.0734353065490723
740.0,2.097860336303711
741.0,1.9304438829421997
742.0,1.8493543863296509
743.0,1.7594226598739624
744.0,1.9400758743286133
745.0,1.5266222953796387
746.0,2.1172866821289062
747.0,1.6974215507507324
748.0,1.761231780052185
749.0,1.9389203786849976
750.0,1.5809352397918701
751.0,1.6454280614852905
752.0,1.7219544649124146
753.0,2.0889358520507812
754.0,1.6145466566085815
755.0,1.8559188842773438
756.0,1.7657413482666016
757.0,1.9891105890274048
758.0,1.7949247360229492
759.0,1.6457608938217163
760.0,1.8526184558868408
761.0,1.8177249431610107
762.0,1.9965569972991943
763.0,1.983260989189148
764.0,1.7651156187057495
765.0,1.5635777711868286
766.0,1.828533411026001
767.0,1.6333558559417725
768.0,1.5957660675048828
769.0,1.4250514507293701
770.0,1.6759830713272095
771.0,1.7812023162841797
772.0,1.923526406288147
773.0,1.8613442182540894
774.0,1.8848581314086914
775.0,1.7788019180297852
776.0,1.726498007774353
777.0,1.5937466621398926
778.0,1.8384984731674194
779.0,2.003497362136841
780.0,1.540911078453064
781.0,1.7937073707580566
782.0,1.517277717590332
783.0,2.0233044624328613
784.0,1.6545072793960571
785.0,1.502287745475769
786.0,1.8773573637008667
787.0,1.7937664985656738
788.0,1.6679954528808594
789.0,1.8278062343597412
790.0,1.867367148399353
791.0,1.674314260482788
792.0,1.9388258457183838
793.0,1.652113676071167
794.0,2.0596745014190674
795.0,1.8123142719268799
796.0,1.7108122110366821
797.0,1.797871470451355
798.0,1.8429592847824097
799.0,1.5201014280319214
800.0,1.625877022743225
801.0,1.5814803838729858
802.0,1.524348497390747
803.0,1.6284005641937256
804.0,1.8149135112762451
805.0,1.7792223691940308
806.0,1.4861282110214233
807.0,1.4524133205413818
808.0,1.9589837789535522
809.0,1.6434826850891113
810.0,1.9068827629089355
811.0,1.6746023893356323
812.0,1.5318241119384766
813.0,1.8763517141342163
814.0,1.7696733474731445
815.0,1.9514808654785156
816.0,2.0395538806915283
817.0,1.496577501296997
818.0,1.7826977968215942
819.0,1.834812879562378
820.0,1.8279712200164795
821.0,1.779710292816162
822.0,1.958625316619873
823.0,1.7067341804504395
824.0,2.1635923385620117
825.0,1.6760272979736328
826.0,1.408548355102539
827.0,1.7056307792663574
828.0,1.7589731216430664
829.0,1.8469533920288086
830.0,1.685982584953308
831.0,1.653734564781189
832.0,1.7870090007781982
833.0,1.526296615600586
834.0,1.749473214149475
835.0,2.0340893268585205
836.0,1.9841405153274536
837.0,1.6615484952926636
838.0,1.8371249437332153
839.0,1.502827763557434
840.0,1.7935569286346436
841.0,1.4149813652038574
842.0,1.8292114734649658
843.0,1.7810373306274414
844.0,1.7841483354568481
845.0,1.8596162796020508
846.0,1.5179810523986816
847.0,1.5787898302078247
848.0,1.8638145923614502
849.0,1.8333818912506104
850.0,1.5918076038360596
851.0,1.8099632263183594
852.0,1.4770492315292358
853.0,1.833726406097412
854.0,1.964824914932251
855.0,1.5473811626434326
856.0,1.8955061435699463
857.0,1.737147569656372
858.0,1.9212816953659058
859.0,1.9097284078598022
860.0,1.6134659051895142
861.0,1.5229321718215942
862.0,1.5843316316604614
863.0,1.7985193729400635
864.0,1.6428906917572021
865.0,2.0577759742736816
866.0,1.8614494800567627
867.0,1.7996445894241333
868.0,2.162642002105713
869.0,1.8698184490203857
870.0,1.8401662111282349
871.0,1.7616065740585327
872.0,1.9304430484771729
873.0,1.5884469747543335
874.0,1.6497949361801147
875.0,1.6427069902420044
876.0,1.9600926637649536
877.0,1.788372278213501
878.0,1.7101640701293945
879.0,1.607693076133728
880.0,1.737600564956665
881.0,1.7217193841934204
882.0,1.8681541681289673
883.0,1.7191466093063354
884.0,1.9018280506134033
885.0,1.8541598320007324
886.0,1.6089686155319214
887.0,1.7556859254837036
888.0,1.8322534561157227
889.0,1.924917221069336
890.0,1.6377357244491577
891.0,1.8121892213821411
892.0,1.5585172176361084
893.0,1.860208511352539
894.0,1.5102896690368652
895.0,1.834481954574585
896.0,1.5830057859420776
897.0,1.8729743957519531
898.0,1.795493721961975
899.0,1.9922343492507935
900.0,1.9293428659439087
901.0,1.5146198272705078
902.0,1.7616584300994873
903.0,1.6873390674591064
904.0,1.564608097076416
905.0,1.7179229259490967
906.0,1.6318395137786865
907.0,1.762992262840271
908.0,1.5327088832855225
909.0,1.828668475151062
910.0,1.8606863021850586
911.0,1.654435157775879
912.0,1.3598970174789429
913.0,1.7572135925292969
914.0,1.9276881217956543
915.0,1.7115070819854736
916.0,1.861672282218933
917.0,1.4890004396438599
918.0,2.0026533603668213
919.0,1.4274322986602783
920.0,1.7632430791854858
921.0,1.7720305919647217
922.0,1.6451375484466553
923.0,1.621333360671997
924.0,1.6755790710449219
925.0,1.761009693145752
926.0,2.01005220413208
927.0,2.1145951747894287
928.0,1.4554942846298218
929.0,1.8472809791564941
930.0,1.8326209783554077
931.0,1.6894956827163696
932.0,1.6870269775390625
933.0,1.8342564105987549
934.0,1.7461740970611572
935.0,1.712045431137085
936.0,1.784255862236023
937.0,1.900064468383789
938.0,2.160437822341919
939.0,1.4630228281021118
940.0,1.7857385873794556
941.0,1.7501800060272217
942.0,1.5507946014404297
943.0,1.7657315731048584
944.0,1.563528060913086
945.0,1.7634929418563843
946.0,1.5405303239822388
947.0,1.6993045806884766
948.0,1.8777271509170532
949.0,1.9558582305908203
950.0,1.371957540512085
951.0,1.8829588890075684
952.0,1.663429617881775
953.0,1.6257208585739136
954.0,1.8217828273773193
955.0,1.7149308919906616
956.0,1.5997167825698853
957.0,1.7199326753616333
958.0,1.6813379526138306
959.0,2.0131008625030518
960.0,1.4931758642196655
961.0,1.7209129333496094
962.0,1.9157556295394897
963.0,1.3774269819259644
964.0,1.878347635269165
965.0,1.824018120765686
966.0,1.5425784587860107
967.0,1.6913853883743286
968.0,1.6764963865280151
969.0,1.8668609857559204
970.0,1.616413950920105
971.0,1.7753450870513916
972.0,1.7091526985168457
973.0,1.7696775197982788
974.0,1.9746519327163696
975.0,1.3497650623321533
976.0,1.8539884090423584
977.0,2.025646686553955
978.0,1.7968101501464844
979.0,1.9313271045684814
980.0,1.534527063369751
981.0,1.77104651927948
982.0,1.3787356615066528
983.0,1.890333890914917
984.0,1.8904553651809692
985.0,1.9149008989334106
986.0,1.9662386178970337
987.0,1.6924853324890137
988.0,1.7951247692108154
989.0,1.5904536247253418
990.0,1.9394254684448242
991.0,1.5470761060714722
992.0,1.8325785398483276
993.0,1.8771030902862549
994.0,1.5530585050582886
995.0,1.6190491914749146
996.0,1.8069220781326294
997.0,1.4875315427780151
998.0,1.8906702995300293
999.0,1.7912569046020508
1000.0,1.879374623298645
1001.0,1.721980333328247
1002.0,1.4399046897888184
1003.0,1.7059403657913208
1004.0,2.2760417461395264
1005.0,1.705284833908081
1006.0,1.6839147806167603
1007.0,1.6175001859664917
1008.0,1.8490406274795532
1009.0,1.579322338104248
1010.0,1.922048568725586
1011.0,1.6082695722579956
1012.0,1.9490058422088623
1013.0,1.513838768005371
1014.0,1.5541203022003174
1015.0,1.5072513818740845
1016.0,1.821284294128418
1017.0,2.0288002490997314
1018.0,2.073237419128418
1019.0,1.8369996547698975
1020.0,1.7477244138717651
1021.0,1.5962327718734741
1022.0,1.6986092329025269
1023.0,1.6693936586380005
1024.0,1.8055647611618042
1025.0,1.884173035621643
1026.0,1.6102325916290283
1027.0,1.5887513160705566
1028.0,1.5838838815689087
1029.0,1.4781726598739624
1030.0,1.6307178735733032
1031.0,1.88322114944458
1032.0,1.8957998752593994
1033.0,2.0786538124084473
1034.0,1.8839094638824463
1035.0,1.9944430589675903
1036.0,1.632225513458252
1037.0,1.6296597719192505
1038.0,1.6079356670379639
1039.0,1.6147335767745972
1040.0,1.6279672384262085
1041.0,1.9543448686599731
1042.0,1.8530093431472778
1043.0,1.7525112628936768
1044.0,1.8614661693572998
1045.0,1.8560675382614136
1046.0,1.6849912405014038
1047.0,1.7990660667419434
1048.0,1.978355884552002
1049.0,1.7753642797470093
1050.0,2.0054402351379395
1051.0,1.9118282794952393
1052.0,1.6067261695861816
1053.0,1.7619649171829224
1054.0,1.6265751123428345
1055.0,1.698792576789856
1056.0,1.7477465867996216
1057.0,1.567093849182129
1058.0,1.5526247024536133
1059.0,1.6058818101882935
1060.0,1.6873105764389038
1061.0,1.9346007108688354
1062.0,1.5550047159194946
1063.0,1.4420338869094849
1064.0,1.8786906003952026
1065.0,1.7597014904022217
1066.0,1.8884282112121582
1067.0,1.6487518548965454
1068.0,1.764784812927246
1069.0,1.9388887882232666
1070.0,1.7844204902648926
1071.0,2.014073610305786
1072.0,1.8031467199325562
1073.0,1.9302129745483398
1074.0,1.9164433479309082
1075.0,1.801603078842163
1076.0,1.5875656604766846
1077.0,1.5221577882766724
1078.0,1.9088689088821411
1079.0,1.7262146472930908
1080.0,1.5737029314041138
1081.0,1.796363115310669
1082.0,1.3879448175430298
1083.0,1.7733644247055054
1084.0,1.603018045425415
1085.0,1.7607280015945435
1086.0,1.7480140924453735
1087.0,1.7476977109909058
1088.0,1.3272801637649536
1089.0,1.6633657217025757
1090.0,1.7158112525939941
1091.0,1.8656949996948242
1092.0,1.68562912940979
1093.0,1.67728590965271
1094.0,1.7297165393829346
1095.0,1.63776695728302
1096.0,1.6556447744369507
1097.0,1.8812364339828491
1098.0,1.5376466512680054
1099.0,1.5212321281433105
1100.0,2.0014190673828125
1101.0,1.7690397500991821
1102.0,1.7793247699737549
1103.0,1.6009862422943115
1104.0,1.64387047290802
1105.0,1.3444483280181885
1106.0,1.5838048458099365
1107.0,1.4422250986099243
1108.0,1.8391069173812866
1109.0,1.341577410697937
1110.0,1.8972904682159424
1111.0,1.5569359064102173
1112.0,1.4847650527954102
1113.0,1.6858543157577515
1114.0,1.9077237844467163
1115.0,1.5883525609970093
1116.0,1.5089157819747925
1117.0,1.7788668870925903
1118.0,1.5912952423095703
1119.0,1.9388399124145508
1120.0,1.7071373462677002
1121.0,1.6582787036895752
1122.0,1.682051658630371
1123.0,1.5762969255447388
1124.0,1.4903483390808105
1125.0,1.6906014680862427
1126.0,1.6680853366851807
1127.0,1.6788203716278076
1128.0,1.6479781866073608
1129.0,1.6518303155899048
1130.0,1.6057724952697754
1131.0,2.0109314918518066
1132.0,1.903730034828186
1133.0,1.8258816003799438
1134.0,2.0864522457122803
1135.0,1.7218434810638428
1136.0,1.737366795539856
1137.0,1.8464529514312744
1138.0,1.4798004627227783
1139.0,1.980588436126709
1140.0,1.5603835582733154
1141.0,1.7275227308273315
1142.0,1.7191848754882812
1143.0,1.7287790775299072
1144.0,1.7304778099060059
1145.0,1.4375641345977783
1146.0,1.7385249137878418
1147.0,1.8181675672531128
1148.0,1.7971001863479614
1149.0,1.7088814973831177
1150.0,1.6639939546585083
1151.0,1.6379700899124146
1152.0,1.7812385559082031
1153.0,1.7731701135635376
1154.0,1.7864270210266113
1155.0,1.4838049411773682
1156.0,1.5521355867385864
1157.0,1.892702341079712
1158.0,1.7060785293579102
1159.0,1.9604401588439941
1160.0,1.8516324758529663
1161.0,1.7462434768676758
1162.0,1.5921292304992676
1163.0,1.7205748558044434
1164.0,1.5766092538833618
1165.0,1.6132844686508179
1166.0,1.6184821128845215
1167.0,1.3187271356582642
1168.0,1.6871116161346436
1169.0,1.6881682872772217
1170.0,1.4901888370513916
1171.0,1.485646367073059
1172.0,1.5640623569488525
1173.0,1.6610716581344604
1174.0,1.8867658376693726
1175.0,1.4817535877227783
1176.0,1.5404202938079834
1177.0,1.5887938737869263
1178.0,1.8396728038787842
1179.0,1.449136734008789
1180.0,1.6943796873092651
1181.0,1.5919733047485352
1182.0,1.6202847957611084
1183.0,1.71042799949646
1184.0,1.6928702592849731
1185.0,1.6475337743759155
1186.0,1.6239209175109863
1187.0,1.7857091426849365
1188.0,1.7276796102523804
1189.0,1.7296974658966064
1190.0,1.8455212116241455
1191.0,1.7135200500488281
1192.0,1.6564782857894897
1193.0,1.5090943574905396
1194.0,1.8385299444198608
1195.0,1.7904880046844482
1196.0,1.7470393180847168
1197.0,1.8660320043563843
1198.0,1.7957837581634521
1199.0,1.6204062700271606
1200.0,1.7688381671905518
1201.0,1.692952036857605
1202.0,1.948252558708191
1203.0,1.9785791635513306
1204.0,1.480830192565918
1205.0,1.3693296909332275
1206.0,1.440215826034546
1207.0,1.5172666311264038
1208.0,1.3789628744125366
1209.0,1.6261029243469238
1210.0,1.9980378150939941
1211.0,1.5748573541641235
1212.0,1.4471471309661865
1213.0,1.603187084197998
1214.0,1.436084270477295
1215.0,1.5936212539672852
1216.0,1.7371455430984497
1217.0,1.6773808002471924
1218.0,1.9441570043563843
1219.0,1.7080507278442383
1220.0,1.800630807876587
1221.0,1.5489583015441895
1222.0,1.5743675231933594
1223.0,1.8525456190109253
1224.0,1.4589289426803589
1225.0,1.6094263792037964
1226.0,1.3576560020446777
1227.0,1.4676411151885986
1228.0,1.6261976957321167
1229.0,1.6768790483474731
1230.0,1.523010492324829
1231.0,1.4342490434646606
1232.0,1.456837773323059
1233.0,1.799797534942627
1234.0,1.8220155239105225
1235.0,1.7384259700775146
1236.0,1.707567572593689
1237.0,1.6482634544372559
1238.0,1.7652060985565186
1239.0,1.788467526435852
1240.0,1.7073614597320557
1241.0,1.8015233278274536
1242.0,1.4500771760940552
1243.0,1.9127682447433472
1244.0,1.493925929069519
1245.0,1.80753755569458
1246.0,1.643538475036621
1247.0,1.4851655960083008
1248.0,1.6925263404846191
1249.0,1.6462082862854004
1250.0,1.7399640083312988
1251.0,1.6706721782684326
1252.0,1.5592869520187378
1253.0,1.8550585508346558
1254.0,1.5520180463790894
1255.0,1.6477519273757935
1256.0,1.6206837892532349
1257.0,1.4798998832702637
1258.0,1.6955488920211792
1259.0,2.005330801010132
1260.0,1.5649532079696655
1261.0,1.484986662864685
1262.0,2.1418681144714355
1263.0,1.6708568334579468
1264.0,1.78819739818573
1265.0,1.8190820217132568
1266.0,1.4714558124542236
1267.0,2.0804808139801025
1268.0,1.4784783124923706
1269.0,1.473171353340149
1270.0,1.7972244024276733
1271.0,1.843098521232605
1272.0,1.639657974243164
1273.0,1.5447331666946411
1274.0,1.5852655172348022
1275.0,1.7299973964691162
1276.0,1.9650930166244507
1277.0,1.745721459388733
1278.0,2.046867847442627
1279.0,1.9042713642120361
1280.0,1.5581713914871216
1281.0,1.9962748289108276
1282.0,1.5970336198806763
1283.0,1.5455151796340942
1284.0,1.6544119119644165
1285.0,1.7759274244308472
1286.0,1.6203795671463013
1287.0,1.7792658805847168
1288.0,1.7765395641326904
1289.0,1.4776183366775513
1290.0,1.9239102602005005
1291.0,1.491209626197815
1292.0,1.8016397953033447
1293.0,1.2131929397583008
1294.0,1.8719621896743774
1295.0,1.6199949979782104
1296.0,1.4869346618652344
1297.0,1.4450898170471191
1298.0,1.6185495853424072
1299.0,1.6607961654663086
1300.0,1.556906819343567
1301.0,1.5282496213912964
1302.0,1.6649609804153442
1303.0,1.5901211500167847
1304.0,1.3338574171066284
1305.0,1.7460405826568604
1306.0,1.368098497390747
1307.0,2.0123140811920166
1308.0,1.5031713247299194
1309.0,1.7661091089248657
1310.0,1.4228389263153076
1311.0,1.649408221244812
1312.0,1.5356048345565796
1313.0,1.6471080780029297
1314.0,1.4713850021362305
1315.0,1.731689453125
1316.0,1.4929449558258057
1317.0,1.567522406578064
1318.0,1.7270514965057373
1319.0,1.7144315242767334
1320.0,1.8077795505523682
1321.0,1.7347896099090576
1322.0,1.5469415187835693
1323.0,1.9023252725601196
1324.0,1.700466513633728
1325.0,1.5544129610061646
1326.0,1.7809066772460938
1327.0,1.6419832706451416
1328.0,1.8017712831497192
1329.0,1.6225290298461914
1330.0,1.6866523027420044
1331.0,1.8758169412612915
1332.0,1.452591061592102
1333.0,1.3991942405700684
1334.0,1.531343936920166
1335.0,1.7323757410049438
1336.0,1.2995280027389526
1337.0,1.5929282903671265
1338.0,1.9807543754577637
1339.0,1.4886130094528198
1340.0,1.5142648220062256
1341.0,1.6579689979553223
1342.0,1.6632874011993408
1343.0,1.6497440338134766
1344.0,1.4045315980911255
1345.0,1.7022523880004883
1346.0,1.7516388893127441
1347.0,1.6807639598846436
1348.0,1.6737933158874512
1349.0,1.7700064182281494
1350.0,1.4709070920944214
1351.0,1.6528775691986084
1352.0,1.6015236377716064
1353.0,1.7283122539520264
1354.0,1.4285709857940674
1355.0,1.5461620092391968
1356.0,1.7929389476776123
1357.0,1.7417786121368408
1358.0,1.9880694150924683
1359.0,1.4276635646820068
1360.0,1.6426655054092407
1361.0,1.8223549127578735
1362.0,1.4033054113388062
1363.0,1.823965311050415
1364.0,1.560887098312378
1365.0,1.4835237264633179
1366.0,1.7012401819229126
1367.0,1.4303756952285767
1368.0,1.4126979112625122
1369.0,1.5759631395339966
1370.0,1.601061463356018
1371.0,1.9658890962600708
1372.0,1.524653673171997
1373.0,1.743215560913086
1374.0,1.3542712926864624
1375.0,1.6261216402053833
1376.0,1.6161117553710938
1377.0,1.767359733581543
1378.0,1.6982052326202393
1379.0,1.5722153186798096
1380.0,1.4192262887954712
1381.0,1.9740169048309326
1382.0,1.7547399997711182
1383.0,1.511947751045227
1384.0,1.5404486656188965
1385.0,1.733127474784851
1386.0,1.626046895980835
1387.0,1.493707537651062
1388.0,1.3533871173858643
1389.0,1.8579730987548828
1390.0,1.6862289905548096
1391.0,1.6461727619171143
1392.0,1.6418427228927612
1393.0,1.6761325597763062
1394.0,1.7258485555648804
1395.0,1.772519826889038
1396.0,1.6854777336120605
1397.0,1.879269003868103
1398.0,1.82322359085083
1399.0,1.4172574281692505
1400.0,1.7367863655090332
1401.0,1.4935353994369507
1402.0,1.6944397687911987
1403.0,1.7661620378494263
1404.0,1.4310349225997925
1405.0,1.6478643417358398
1406.0,1.738746166229248
1407.0,1.332663893699646
1408.0,1.6011894941329956
1409.0,1.7159607410430908
1410.0,1.6656510829925537
1411.0,2.033323049545288
1412.0,1.4365359544754028
1413.0,1.4779547452926636
1414.0,1.4132146835327148
1415.0,1.8048691749572754
1416.0,1.731823205947876
1417.0,1.49338698387146
1418.0,1.6283198595046997
1419.0,1.5807918310165405
1420.0,1.7824114561080933
1421.0,1.5147721767425537
1422.0,1.7105016708374023
1423.0,1.704888939857483
1424.0,1.4594453573226929
1425.0,1.6130720376968384
1426.0,1.4489219188690186
1427.0,1.5590180158615112
1428.0,1.27144193649292
1429.0,1.6690235137939453
1430.0,1.4961168766021729
1431.0,1.578944206237793
1432.0,1.4160470962524414
1433.0,1.527044415473938
1434.0,1.3849446773529053
1435.0,1.6796951293945312
1436.0,1.3663618564605713
1437.0,1.7176998853683472
1438.0,1.5075613260269165
1439.0,1.3817157745361328
1440.0,1.6033940315246582
1441.0,1.7483259439468384
1442.0,1.7495908737182617
1443.0,1.4509423971176147
1444.0,1.4153012037277222
1445.0,1.8734627962112427
1446.0,1.8857204914093018
1447.0,1.60564124584198
1448.0,1.6009818315505981
1449.0,1.4540895223617554
1450.0,1.149922490119934
1451.0,1.5804005861282349
1452.0,1.5159753561019897
1453.0,1.4442346096038818
1454.0,1.890337347984314
1455.0,1.6608078479766846
1456.0,1.6801830530166626
1457.0,1.8342465162277222
1458.0,1.4947654008865356
1459.0,1.8177261352539062
1460.0,1.576674461364746
1461.0,1.5301547050476074
1462.0,1.7280141115188599
1463.0,1.639416217803955
1464.0,1.8975048065185547
1465.0,1.8223285675048828
1466.0,1.6292494535446167
1467.0,1.7046170234680176
1468.0,1.7130396366119385
1469.0,1.4591898918151855
1470.0,1.48356032371521
1471.0,1.4664216041564941
1472.0,1.4808220863342285
1473.0,1.422974944114685
1474.0,1.611405372619629
1475.0,1.9782350063323975
1476.0,1.2132470607757568
1477.0,1.5197640657424927
1478.0,1.6216450929641724
1479.0,1.5171068906784058
1480.0,1.708021640777588
1481.0,1.6608054637908936
1482.0,1.7283942699432373
1483.0,1.9612818956375122
1484.0,1.7024917602539062
1485.0,1.8635598421096802
1486.0,2.0560739040374756
1487.0,1.784080982208252
1488.0,1.3238261938095093
1489.0,1.8147143125534058
1490.0,1.8678773641586304
1491.0,1.7930586338043213
1492.0,1.6280701160430908
1493.0,1.536261796951294
1494.0,1.396845817565918
1495.0,1.7104005813598633
1496.0,1.7571609020233154
1497.0,1.5232899188995361
1498.0,1.440567135810852
1499.0,1.7392815351486206
1500.0,1.6281861066818237
